generation,tick,charge,position,action_taken,tokens_used,signs_read_count,signs_written_count
1,1,98.5,(16;15),move,0,0,0
1,2,100.0,(16;15),forage,0,0,0
1,3,99.0,(16;15),forage,0,0,0
1,4,98.0,(16;15),forage,0,0,0
1,5,97.0,(16;15),forage,0,0,0
1,6,95.5,(17;15),move,0,0,0
1,7,94.0,(18;15),move,0,0,0
1,8,100.0,(18;15),forage,0,0,0
1,9,98.5,(18;16),move,0,0,0
1,10,97.0,(18;17),move,0,0,0
1,11,95.5,(18;18),move,0,0,0
1,12,94.0,(18;18),move,0,0,0
1,13,92.5,(18;18),move,0,0,0
1,14,91.0,(18;18),move,0,0,0
1,15,89.5,(17;18),move,0,0,0
1,16,88.0,(17;19),move,0,0,0
1,17,86.5,(17;19),move,0,0,0
1,18,85.0,(17;20),move,0,0,0
1,19,83.5,(16;20),move,0,0,0
1,20,82.0,(16;20),move,0,0,0
1,21,80.5,(17;20),move,0,0,0
1,22,79.0,(17;21),move,0,0,0
1,23,77.5,(17;22),move,0,0,0
1,24,76.0,(16;22),move,0,0,0
1,25,74.5,(15;22),move,0,0,0
1,26,73.0,(15;23),move,0,0,0
1,27,71.5,(16;23),move,0,0,0
1,28,70.0,(16;23),move,0,0,0
1,29,68.5,(16;23),move,0,0,0
1,30,67.0,(16;24),move,0,0,0
1,31,65.5,(17;24),move,0,0,0
1,32,64.0,(18;24),move,0,0,0
1,33,62.5,(19;24),move,0,0,0
1,34,61.0,(20;24),move,0,0,0
1,35,59.5,(20;23),move,0,0,0
1,36,58.0,(19;23),move,0,0,0
1,37,76.39,(19;23),forage,0,0,0
1,38,74.89,(20;23),move,0,0,0
1,39,73.39,(21;23),move,0,0,0
1,40,71.89,(22;23),move,0,0,0
1,41,70.39,(23;23),move,0,0,0
1,42,68.89,(24;23),move,0,0,0
1,43,67.39,(25;23),move,0,0,0
1,44,65.89,(25;24),move,0,0,0
1,45,64.39,(25;25),move,0,0,0
1,46,62.89,(25;24),move,0,0,0
1,47,61.39,(25;25),move,0,0,0
1,48,50.39,(25;25),attempt_vault,0,0,0
1,49,39.39,(25;25),attempt_vault,0,0,0
1,50,37.89,(25;26),move,0,0,0
1,51,36.39,(24;26),move,0,0,0
1,52,34.89,(24;27),move,0,0,0
1,53,33.39,(23;27),move,0,0,0
1,54,31.89,(22;27),move,0,0,0
1,55,30.39,(22;26),move,0,0,0
1,56,28.89,(23;26),move,0,0,0
1,57,17.89,(23;26),attempt_vault,0,0,0
1,58,6.89,(23;26),attempt_vault,0,0,0
1,59,5.39,(24;26),move,0,0,0
1,60,3.89,(24;25),move,0,0,0
1,61,2.39,(25;25),move,0,0,0
1,62,0.89,(25;24),move,0,0,0
1,63,-0.61,(25;23),move,0,0,0
2,1,98.5,(16;15),move,0,0,0
2,2,97.0,(16;14),move,0,0,0
2,3,95.5,(16;13),move,0,0,0
2,4,94.0,(16;12),move,0,0,0
2,5,92.5,(15;12),move,0,0,0
2,6,91.0,(14;12),move,0,0,0
2,7,89.5,(14;13),move,0,0,0
2,8,88.0,(14;14),move,0,0,0
2,9,86.5,(13;14),move,0,0,0
2,10,85.0,(12;14),move,0,0,0
2,11,83.5,(12;13),move,0,0,0
2,12,82.0,(11;13),move,0,0,0
2,13,80.5,(10;13),move,0,0,0
2,14,79.0,(9;13),move,0,0,0
2,15,77.5,(8;13),move,0,0,0
2,16,76.0,(8;12),move,0,0,0
2,17,74.5,(8;11),move,0,0,0
2,18,73.0,(8;10),move,0,0,0
2,19,71.5,(8;9),move,0,0,0
2,20,70.0,(7;9),move,0,0,0
2,21,68.5,(6;9),move,0,0,0
2,22,67.0,(5;9),move,0,0,0
2,23,65.5,(5;10),move,0,0,0
2,24,64.0,(5;11),move,0,0,0
2,25,62.5,(5;12),move,0,0,0
2,26,61.0,(5;13),move,0,0,0
2,27,59.5,(5;14),move,0,0,0
2,28,58.0,(5;15),move,0,0,0
2,29,56.5,(5;16),move,0,0,0
2,30,55.0,(5;17),move,0,0,0
2,31,53.5,(5;18),move,0,0,0
2,32,52.0,(5;19),move,0,0,0
2,33,50.5,(5;20),move,0,0,0
2,34,49.0,(5;21),move,0,0,0
2,35,47.5,(5;22),move,0,0,0
2,36,46.0,(5;23),move,0,0,0
2,37,44.5,(5;24),move,0,0,0
2,38,43.0,(5;25),move,0,0,0
2,39,41.5,(6;25),move,0,0,0
2,40,30.5,(6;25),attempt_vault,0,0,0
2,41,29.0,(7;25),move,0,0,0
2,42,27.5,(8;25),move,0,0,0
2,43,26.0,(9;25),move,0,0,0
2,44,24.5,(10;25),move,0,0,0
2,45,23.0,(11;25),move,0,0,0
2,46,21.5,(11;24),move,0,0,0
2,47,20.0,(11;23),move,0,0,0
2,48,18.5,(12;23),move,0,0,0
2,49,17.0,(13;23),move,0,0,0
2,50,6.0,(13;23),attempt_vault,0,0,0
2,51,-5.0,(13;23),attempt_vault,0,0,0
3,1,98.5,(16;17),move,0,0,0
3,2,97.0,(16;18),move,0,0,0
3,3,95.5,(16;19),move,0,0,0
3,4,94.0,(16;20),move,0,0,0
1,1,97.0,(16;16),rest,0,0,0
1,2,94.0,(16;16),rest,0,0,0
1,3,91.0,(16;16),rest,0,0,0
1,4,88.0,(16;16),rest,0,0,0
1,5,74.49,(16;16),attempt_vault,51,0,0
1,6,70.53,(17;17),move,46,0,0
1,7,67.09,(17;17),rest,44,0,0
1,8,63.56,(17;17),forage,53,0,0
1,9,50.03,(17;17),attempt_vault,53,0,0
1,10,46.07,(18;18),move,46,0,0
1,1,86.5,(16;16),attempt_vault,50,0,0
1,11,42.54,(18;18),forage,53,0,0
1,2,83.04,(16;16),forage,46,0,0
1,12,29.01,(18;18),attempt_vault,53,0,0
1,3,79.61,(16;16),rest,43,0,0
1,13,25.57,(18;18),rest,44,0,0
1,4,76.18,(16;16),rest,43,0,0
1,14,21.61,(19;19),move,46,0,0
1,5,72.72,(16;16),forage,46,0,0
1,15,18.08,(19;19),forage,53,0,0
1,6,59.22,(16;16),attempt_vault,50,0,0
1,16,4.55,(19;19),attempt_vault,53,0,0
1,7,55.79,(16;16),rest,43,0,0
1,17,1.11,(19;19),rest,44,0,0
1,8,52.33,(16;16),forage,46,0,0
1,17,-1.35,(19;19),rest,46,0,0
1,9,38.83,(16;16),attempt_vault,50,0,0
2,1,96.14,(15;17),move,36,0,0
1,10,35.4,(16;16),rest,43,0,0
2,2,92.28,(14;17),move,36,0,0
1,11,31.94,(16;16),forage,46,0,0
2,3,88.42,(13;18),move,36,0,0
1,12,18.44,(16;16),attempt_vault,50,0,0
2,4,84.56,(14;17),move,36,0,0
1,13,15.01,(16;16),rest,43,0,0
2,5,80.7,(13;18),move,36,0,0
1,14,11.55,(16;16),forage,46,0,0
2,6,76.84,(14;17),move,36,0,0
1,15,-1.95,(16;16),attempt_vault,50,0,0
2,7,72.98,(13;18),move,36,0,0
2,1,96.51,(16;16),forage,49,0,0
2,8,69.12,(14;17),move,36,0,0
2,2,93.09,(16;16),forage,42,0,0
2,9,65.26,(13;18),move,36,0,0
2,3,89.65,(16;16),forage,44,0,0
2,10,61.4,(14;17),move,36,0,0
2,4,76.15,(16;16),attempt_vault,50,0,0
2,11,57.54,(13;18),move,36,0,0
2,12,53.68,(14;17),move,36,0,0
2,13,49.82,(13;18),move,36,0,0
2,14,45.96,(14;17),move,36,0,0
2,15,42.1,(13;18),move,36,0,0
2,16,38.24,(14;17),move,36,0,0
2,17,34.38,(13;18),move,36,0,0
2,18,30.52,(14;17),move,36,0,0
2,19,26.66,(13;18),move,36,0,0
2,20,22.8,(14;17),move,36,0,0
2,21,18.94,(13;18),move,36,0,0
2,22,15.08,(14;17),move,36,0,0
2,23,11.22,(13;18),move,36,0,0
2,24,7.36,(14;17),move,36,0,0
2,25,3.5,(13;18),move,36,0,0
1,1,86.48,(16;16),attempt_vault,52,0,0
2,26,-0.36,(14;17),move,36,0,0
1,2,82.97,(16;16),forage,51,0,0
3,1,86.54,(16;16),attempt_vault,46,0,0
1,3,79.5,(16;16),rest,47,0,0
3,2,73.08,(16;16),attempt_vault,46,0,0
1,4,76.02,(16;16),forage,48,0,0
3,3,69.64,(16;16),rest,44,0,0
1,5,62.51,(16;16),attempt_vault,51,0,0
3,4,66.2,(16;16),rest,44,0,0
1,6,59.02,(16;16),rest,49,0,0
3,5,62.76,(16;16),rest,44,0,0
1,7,55.49,(16;16),forage,53,0,0
3,6,59.32,(16;16),rest,44,0,0
1,8,41.98,(16;16),attempt_vault,51,0,0
3,7,55.88,(16;16),rest,44,0,0
1,9,38.49,(16;16),rest,49,0,0
3,8,52.44,(16;16),rest,44,0,0
1,10,34.96,(16;16),forage,53,0,0
3,9,49.0,(16;16),rest,44,0,0
1,11,21.45,(16;16),attempt_vault,51,0,0
3,10,45.56,(16;16),rest,44,0,0
1,12,17.96,(16;16),rest,49,0,0
3,11,42.12,(16;16),rest,44,0,0
1,13,14.43,(16;16),forage,53,0,0
3,12,38.68,(16;16),rest,44,0,0
1,14,0.92,(16;16),attempt_vault,51,0,0
3,13,35.24,(16;16),rest,44,0,0
1,14,-1.57,(16;16),rest,49,0,0
3,14,31.8,(16;16),rest,44,0,0
2,1,96.52,(16;16),forage,48,0,0
3,15,28.36,(16;16),rest,44,0,0
2,2,83.03,(16;16),attempt_vault,49,0,0
3,16,24.92,(16;16),rest,44,0,0
2,3,79.55,(16;16),forage,48,0,0
3,17,21.48,(16;16),rest,44,0,0
2,4,66.06,(16;16),attempt_vault,49,0,0
3,18,18.04,(16;16),rest,44,0,0
2,5,62.58,(16;16),forage,48,0,0
3,19,14.6,(16;16),rest,44,0,0
2,6,49.09,(16;16),attempt_vault,49,0,0
3,20,11.16,(16;16),rest,44,0,0
2,7,45.61,(16;16),forage,48,0,0
3,21,7.72,(16;16),rest,44,0,0
2,8,32.12,(16;16),attempt_vault,49,0,0
1,1,86.55,(16;16),attempt_vault,45,0,0
3,22,4.28,(16;16),rest,44,0,0
2,9,28.64,(16;16),forage,48,0,0
1,2,83.13,(16;16),rest,42,0,0
3,23,0.84,(16;16),rest,44,0,0
2,10,15.15,(16;16),attempt_vault,49,0,0
1,3,79.69,(16;16),forage,44,0,0
3,23,-1.6,(16;16),rest,44,0,0
2,11,11.67,(16;16),forage,48,0,0
1,4,66.21,(16;16),attempt_vault,48,0,0
4,1,86.49,(16;16),attempt_vault,51,0,0
2,12,-1.82,(16;16),attempt_vault,49,0,0
1,5,62.79,(16;16),rest,42,0,0
4,2,82.61,(17;17),move,38,0,0
3,1,86.41,(16;16),attempt_vault,59,0,0
1,6,59.35,(16;16),forage,44,0,0
4,3,69.11,(17;17),attempt_vault,50,0,0
3,2,82.98,(16;16),forage,43,0,0
1,7,45.87,(16;16),attempt_vault,48,0,0
4,4,65.68,(17;17),rest,43,0,0
3,3,69.54,(16;16),attempt_vault,44,0,0
1,8,42.45,(16;16),rest,42,0,0
4,5,62.21,(17;17),forage,47,0,0
3,4,66.11,(16;16),forage,43,0,0
1,9,39.01,(16;16),forage,44,0,0
4,6,58.38,(18;18),move,33,0,0
3,5,52.67,(16;16),attempt_vault,44,0,0
1,10,25.53,(16;16),attempt_vault,48,0,0
4,7,44.88,(18;18),attempt_vault,50,0,0
3,6,49.24,(16;16),forage,43,0,0
1,11,22.11,(16;16),rest,42,0,0
4,8,41.45,(18;18),rest,43,0,0
3,7,35.8,(16;16),attempt_vault,44,0,0
1,12,18.67,(16;16),forage,44,0,0
4,9,37.98,(18;18),forage,47,0,0
3,8,32.37,(16;16),forage,43,0,0
1,13,5.19,(16;16),attempt_vault,48,0,0
4,10,34.15,(19;19),move,33,0,0
3,9,18.93,(16;16),attempt_vault,44,0,0
1,14,1.77,(16;16),rest,42,0,0
4,11,20.65,(19;19),attempt_vault,50,0,0
3,10,15.5,(16;16),forage,43,0,0
1,14,-0.67,(16;16),rest,44,0,0
4,12,17.22,(19;19),rest,43,0,0
3,11,2.06,(16;16),attempt_vault,44,0,0
2,1,86.49,(16;16),attempt_vault,51,0,0
4,13,13.75,(19;19),forage,47,0,0
3,11,-0.37,(16;16),rest,43,0,0
2,2,82.97,(16;16),forage,52,0,0
4,14,9.92,(20;20),move,33,0,0
4,1,86.51,(16;16),attempt_vault,49,0,0
2,3,76.46,(16;16),write_sign,51,0,1
4,15,-3.58,(20;20),attempt_vault,50,0,0
4,2,83.05,(16;16),forage,46,0,0
2,4,73.02,(16;16),rest,44,0,0
5,1,86.52,(16;16),attempt_vault,48,0,0
4,3,79.57,(16;16),rest,48,0,0
2,5,59.5,(16;16),attempt_vault,52,0,0
5,2,83.09,(16;16),forage,43,0,0
4,4,66.05,(16;16),attempt_vault,52,0,0
2,6,55.98,(16;16),forage,52,0,0
5,3,79.65,(16;16),rest,44,0,0
4,5,62.55,(16;16),forage,50,0,0
2,7,49.47,(16;16),write_sign,51,0,1
5,4,75.75,(16;17),move,40,0,0
4,6,59.07,(16;16),rest,48,0,0
2,8,46.03,(16;16),rest,44,0,0
5,5,72.31,(16;17),rest,44,0,0
4,7,45.55,(16;16),attempt_vault,52,0,0
2,9,32.51,(16;16),attempt_vault,52,0,0
5,6,68.85,(16;17),forage,46,0,0
4,8,42.05,(16;16),forage,50,0,0
2,10,28.99,(16;16),forage,52,0,0
5,7,55.32,(16;17),attempt_vault,53,0,0
4,9,38.57,(16;16),rest,48,0,0
2,11,22.48,(16;16),write_sign,51,0,1
5,8,51.88,(16;17),rest,44,0,0
4,10,25.05,(16;16),attempt_vault,52,0,0
2,12,19.04,(16;16),rest,44,0,0
5,9,47.98,(15;17),move,40,0,0
4,11,21.55,(16;16),forage,50,0,0
2,13,5.52,(16;16),attempt_vault,52,0,0
5,10,44.54,(15;17),rest,44,0,0
4,12,18.07,(16;16),rest,48,0,0
2,14,2.0,(16;16),forage,52,0,0
5,11,41.08,(15;17),forage,46,0,0
4,13,4.55,(16;16),attempt_vault,52,0,0
2,14,-0.51,(16;16),rest,51,0,0
5,12,27.55,(15;17),attempt_vault,53,0,0
4,14,1.05,(16;16),forage,50,0,0
3,1,96.1,(17;17),move,40,0,0
5,13,24.11,(15;17),rest,44,0,0
4,14,-1.43,(16;16),rest,48,0,0
3,2,92.2,(16;18),move,40,1,0
5,14,20.21,(14;17),move,40,0,0
5,1,86.5,(16;16),attempt_vault,50,0,0
3,3,88.3,(16;19),move,40,1,0
5,15,16.77,(14;17),rest,44,0,0
5,2,83.01,(16;16),forage,49,0,0
3,4,84.4,(17;19),move,40,1,0
5,16,35.74,(14;17),forage,46,0,0
5,3,79.57,(16;16),rest,44,0,0
3,5,80.5,(16;19),move,40,1,0
5,17,22.21,(14;17),attempt_vault,53,0,0
5,4,66.08,(16;16),attempt_vault,49,0,0
3,6,76.6,(17;19),move,40,1,0
5,18,18.77,(14;17),rest,44,0,0
5,5,62.62,(16;16),forage,46,0,0
3,7,72.7,(16;19),move,40,1,0
5,19,14.87,(13;17),move,40,0,0
5,6,59.18,(16;16),rest,44,0,0
3,8,68.8,(17;19),move,40,1,0
5,20,11.43,(13;17),rest,44,0,0
5,7,45.69,(16;16),attempt_vault,49,0,0
3,9,64.9,(16;19),move,40,1,0
5,21,7.97,(13;17),forage,46,0,0
5,8,42.23,(16;16),forage,46,0,0
3,10,61.0,(17;19),move,40,1,0
5,22,-5.56,(13;17),attempt_vault,53,0,0
5,9,38.79,(16;16),rest,44,0,0
3,11,57.1,(16;19),move,40,1,0
6,1,86.52,(16;16),attempt_vault,48,0,0
5,10,25.3,(16;16),attempt_vault,49,0,0
3,12,53.2,(17;19),move,40,1,0
6,2,83.09,(16;16),rest,43,0,0
5,11,21.84,(16;16),forage,46,0,0
3,13,49.3,(16;19),move,40,1,0
6,3,79.64,(16;16),forage,45,0,0
5,12,18.4,(16;16),rest,44,0,0
3,14,45.4,(17;19),move,40,1,0
6,4,76.21,(16;16),rest,43,0,0
5,13,4.91,(16;16),attempt_vault,49,0,0
3,15,41.5,(16;19),move,40,1,0
6,5,72.76,(16;16),forage,45,0,0
5,14,1.45,(16;16),forage,46,0,0
3,16,37.6,(17;19),move,40,1,0
6,6,59.28,(16;16),attempt_vault,48,0,0
5,14,-0.99,(16;16),rest,44,0,0
3,17,33.7,(16;19),move,40,1,0
6,7,55.85,(16;16),rest,43,0,0
6,1,86.48,(16;16),attempt_vault,52,0,0
3,18,29.8,(17;19),move,40,1,0
6,8,52.4,(16;16),forage,45,0,0
6,2,82.96,(16;16),forage,52,0,0
3,19,25.9,(16;19),move,40,1,0
6,9,38.92,(16;16),attempt_vault,48,0,0
6,3,79.48,(16;16),rest,48,0,0
3,20,22.0,(17;19),move,40,1,0
6,10,35.49,(16;16),rest,43,0,0
6,4,75.96,(16;16),forage,52,0,0
3,21,18.1,(16;19),move,40,1,0
6,11,32.04,(16;16),forage,45,0,0
6,5,62.43,(16;16),attempt_vault,53,0,0
3,22,14.2,(17;19),move,40,1,0
6,12,18.56,(16;16),attempt_vault,48,0,0
6,6,58.95,(16;16),rest,48,0,0
3,23,10.3,(16;19),move,40,1,0
6,13,15.13,(16;16),rest,43,0,0
6,7,55.43,(16;16),forage,52,0,0
3,24,6.4,(17;19),move,40,1,0
6,14,11.68,(16;16),forage,45,0,0
6,8,51.95,(16;16),rest,48,0,0
3,25,2.5,(16;19),move,40,1,0
6,15,-1.8,(16;16),attempt_vault,48,0,0
6,9,48.43,(16;16),forage,52,0,0
3,26,-1.4,(17;19),move,40,1,0
7,1,96.56,(16;16),forage,44,0,0
6,10,34.9,(16;16),attempt_vault,53,0,0
4,1,86.54,(16;16),attempt_vault,46,0,0
7,2,83.06,(16;16),attempt_vault,50,0,0
6,11,31.42,(16;16),rest,48,0,0
4,2,83.06,(16;16),forage,48,0,0
7,3,76.55,(16;16),write_sign,51,0,1
6,12,27.9,(16;16),forage,52,0,0
4,3,79.64,(16;16),rest,42,0,0
7,4,73.11,(16;16),rest,44,0,0
6,13,24.42,(16;16),rest,48,0,0
4,4,76.17,(16;16),forage,47,0,0
7,5,69.26,(17;17),move,35,0,0
6,14,20.9,(16;16),forage,52,0,0
4,5,62.68,(16;16),attempt_vault,49,0,0
7,6,65.41,(18;18),move,35,1,0
6,15,7.37,(16;16),attempt_vault,53,0,0
4,6,59.25,(16;16),rest,43,0,0
7,7,51.91,(18;18),attempt_vault,50,1,0
6,16,3.89,(16;16),rest,48,0,0
4,7,55.78,(16;16),forage,47,0,0
7,8,48.47,(18;18),rest,44,1,0
6,17,0.37,(16;16),forage,52,0,0
4,8,42.29,(16;16),attempt_vault,49,0,0
7,9,44.62,(19;19),move,35,1,0
6,17,-2.11,(16;16),rest,48,0,0
4,9,38.86,(16;16),rest,43,0,0
7,10,31.12,(19;19),attempt_vault,50,1,0
7,1,96.52,(16;16),forage,48,0,0
4,10,35.39,(16;16),forage,47,0,0
7,11,27.68,(19;19),rest,44,1,0
7,2,93.04,(16;16),forage,48,0,0
4,11,21.9,(16;16),attempt_vault,49,0,0
7,12,23.83,(20;20),move,35,1,0
7,3,89.56,(16;16),forage,48,0,0
4,12,18.47,(16;16),rest,43,0,0
7,13,10.33,(20;20),attempt_vault,50,0,0
7,4,86.08,(16;16),forage,48,0,0
4,13,15.0,(16;16),forage,47,0,0
7,14,6.89,(20;20),rest,44,0,0
7,5,82.6,(16;16),forage,48,0,0
4,14,1.51,(16;16),attempt_vault,49,0,0
7,15,-6.61,(20;20),attempt_vault,50,0,0
7,6,79.12,(16;16),forage,48,0,0
4,14,-0.91,(16;16),rest,42,0,0
8,1,86.52,(16;16),attempt_vault,48,0,0
7,7,75.64,(16;16),forage,48,0,0
5,1,86.47,(16;16),attempt_vault,53,0,0
8,2,83.06,(16;16),forage,46,0,0
7,8,72.16,(16;16),forage,48,0,0
5,2,82.58,(17;17),move,39,0,0
8,3,79.62,(16;16),rest,44,0,0
7,9,68.68,(16;16),forage,48,0,0
5,3,76.19,(17;17),write_sign,39,1,1
8,4,66.13,(16;16),attempt_vault,49,0,0
7,10,65.2,(16;16),forage,48,0,0
5,4,62.74,(17;17),attempt_vault,45,1,0
8,5,62.69,(16;16),rest,44,0,0
7,11,61.72,(16;16),forage,48,0,0
5,5,59.32,(17;17),rest,42,1,0
8,6,59.23,(16;16),forage,46,0,0
7,12,58.24,(16;16),forage,48,0,0
5,6,45.87,(17;17),attempt_vault,45,1,0
8,7,55.79,(16;16),rest,44,0,0
7,13,54.76,(16;16),forage,48,0,0
5,7,42.45,(17;17),rest,42,1,0
8,8,42.3,(16;16),attempt_vault,49,0,0
7,14,51.28,(16;16),forage,48,0,0
8,9,38.86,(16;16),rest,44,0,0
7,15,47.8,(16;16),forage,48,0,0
8,10,35.4,(16;16),forage,46,0,0
7,16,44.32,(16;16),forage,48,0,0
8,11,31.96,(16;16),rest,44,0,0
7,17,40.84,(16;16),forage,48,0,0
8,12,28.5,(16;16),forage,46,0,0
7,18,37.36,(16;16),forage,48,0,0
8,13,15.0,(16;16),attempt_vault,50,0,0
7,19,33.88,(16;16),forage,48,0,0
8,14,12.0,(16;16),rest,0,0,0
8,15,8.56,(16;16),rest,44,0,0
7,20,30.4,(16;16),forage,48,0,0
8,16,5.12,(16;16),rest,44,0,0
7,21,26.92,(16;16),forage,48,0,0
8,17,1.66,(16;16),forage,46,0,0
7,22,23.44,(16;16),forage,48,0,0
8,17,-0.78,(16;16),rest,44,0,0
7,23,19.96,(16;16),forage,48,0,0
9,1,86.48,(16;16),attempt_vault,52,0,0
7,24,16.48,(16;16),forage,48,0,0
9,2,82.95,(16;16),forage,53,0,0
7,25,13.0,(16;16),forage,48,0,0
9,3,79.51,(16;16),rest,44,0,0
7,26,9.52,(16;16),forage,48,0,0
9,4,65.97,(16;16),attempt_vault,54,0,0
7,27,6.04,(16;16),forage,48,0,0
9,5,62.44,(16;16),forage,53,0,0
7,28,2.56,(16;16),forage,48,0,0
9,6,59.0,(16;16),rest,44,0,0
7,29,-0.92,(16;16),forage,48,0,0
9,7,45.46,(16;16),attempt_vault,54,0,0
8,1,86.52,(16;16),attempt_vault,48,0,0
9,8,41.93,(16;16),forage,53,0,0
8,2,83.01,(16;16),rest,51,0,0
9,9,38.49,(16;16),rest,44,0,0
8,3,79.52,(16;16),forage,49,0,0
9,10,34.96,(16;16),forage,53,0,0
8,4,66.04,(16;16),attempt_vault,48,0,0
9,11,21.42,(16;16),attempt_vault,54,0,0
8,5,62.53,(16;16),rest,51,0,0
9,12,17.98,(16;16),rest,44,0,0
8,6,59.04,(16;16),forage,49,0,0
9,13,14.45,(16;16),forage,53,0,0
8,7,45.56,(16;16),attempt_vault,48,0,0
9,14,0.91,(16;16),attempt_vault,54,0,0
8,8,42.05,(16;16),rest,51,0,0
9,14,-1.53,(16;16),rest,44,0,0
8,9,38.56,(16;16),forage,49,0,0
10,1,86.47,(16;16),attempt_vault,53,0,0
8,10,25.08,(16;16),attempt_vault,48,0,0
10,2,82.94,(16;16),forage,53,0,0
8,11,21.57,(16;16),rest,51,0,0
10,3,79.46,(16;16),rest,48,0,0
8,12,18.08,(16;16),forage,49,0,0
10,4,65.94,(16;16),attempt_vault,52,0,0
8,13,4.6,(16;16),attempt_vault,48,0,0
10,5,62.44,(16;16),forage,50,0,0
8,14,1.09,(16;16),rest,51,0,0
10,6,58.96,(16;16),rest,48,0,0
8,14,-1.4,(16;16),rest,49,0,0
10,7,55.48,(16;16),rest,48,0,0
9,1,96.36,(16;16),forage,64,0,0
10,8,51.98,(16;16),forage,50,0,0
9,2,92.34,(16;16),move,52,0,0
10,9,48.48,(16;16),forage,50,0,0
9,3,88.72,(16;16),forage,62,0,0
10,10,44.98,(16;16),forage,50,0,0
9,4,85.09,(16;16),forage,63,0,0
10,11,41.5,(16;16),rest,48,0,0
9,5,81.46,(16;16),forage,63,0,0
10,12,38.0,(16;16),forage,50,0,0
9,6,77.84,(16;16),forage,62,0,0
10,13,34.52,(16;16),rest,48,0,0
9,7,74.21,(16;16),forage,63,0,0
10,14,31.02,(16;16),forage,50,0,0
9,8,70.59,(16;16),forage,62,0,0
10,15,17.49,(16;16),attempt_vault,53,0,0
9,9,66.97,(16;16),forage,62,0,0
10,16,14.02,(16;16),rest,47,0,0
9,10,63.35,(16;16),forage,62,0,0
10,17,10.53,(16;16),forage,49,0,0
9,11,59.73,(16;16),forage,62,0,0
10,18,-2.99,(16;16),attempt_vault,52,0,0
9,12,56.11,(16;16),forage,62,0,0
11,1,96.39,(16;16),forage,61,0,0
9,13,52.49,(16;16),forage,62,0,0
11,2,92.85,(16;16),forage,54,0,0
9,14,48.87,(16;16),forage,62,0,0
11,3,89.32,(16;16),forage,53,0,0
9,15,45.25,(16;16),forage,62,0,0
11,4,85.79,(16;16),forage,53,0,0
9,16,41.63,(16;16),forage,62,0,0
11,5,82.26,(16;16),forage,53,0,0
9,17,38.01,(16;16),forage,62,0,0
11,6,78.73,(16;16),forage,53,0,0
9,18,34.39,(16;16),forage,62,0,0
11,7,75.2,(16;16),forage,53,0,0
9,19,30.77,(16;16),forage,62,0,0
11,8,71.67,(16;16),forage,53,0,0
9,20,27.15,(16;16),forage,62,0,0
11,9,68.14,(16;16),forage,53,0,0
9,21,23.53,(16;16),forage,62,0,0
11,10,64.61,(16;16),forage,53,0,0
9,22,19.91,(16;16),forage,62,0,0
11,11,61.08,(16;16),forage,53,0,0
9,23,16.29,(16;16),forage,62,0,0
11,12,57.55,(16;16),forage,53,0,0
9,24,12.67,(16;16),forage,62,0,0
11,13,54.02,(16;16),forage,53,0,0
9,25,9.05,(16;16),forage,62,0,0
11,14,50.49,(16;16),forage,53,0,0
9,26,5.43,(16;16),forage,62,0,0
11,15,46.96,(16;16),forage,53,0,0
9,27,1.81,(16;16),forage,62,0,0
11,16,43.43,(16;16),forage,53,0,0
9,27,-0.81,(16;16),rest,62,0,0
11,17,39.9,(16;16),forage,53,0,0
10,1,96.48,(16;16),forage,52,0,0
11,18,36.37,(16;16),forage,53,0,0
10,2,82.95,(16;16),attempt_vault,53,0,0
11,19,32.84,(16;16),forage,53,0,0
10,3,79.43,(16;16),forage,52,0,0
11,20,29.31,(16;16),forage,53,0,0
10,4,72.87,(16;16),write_sign,56,0,1
11,21,25.78,(16;16),forage,53,0,0
10,5,69.36,(16;16),rest,51,0,0
11,22,22.25,(16;16),forage,53,0,0
10,6,55.83,(16;16),attempt_vault,53,0,0
11,23,18.72,(16;16),forage,53,0,0
10,7,52.31,(16;16),forage,52,0,0
11,24,15.19,(16;16),forage,53,0,0
10,8,48.8,(16;16),rest,51,0,0
11,25,11.66,(16;16),forage,53,0,0
10,9,42.24,(16;16),write_sign,56,0,1
11,26,8.13,(16;16),forage,53,0,0
10,10,28.71,(16;16),attempt_vault,53,0,0
11,27,4.6,(16;16),forage,53,0,0
10,11,25.2,(16;16),rest,51,0,0
11,28,1.07,(16;16),forage,53,0,0
10,12,18.64,(16;16),write_sign,56,0,1
11,28,-1.42,(16;16),rest,49,0,0
10,13,15.13,(16;16),rest,51,0,0
12,1,96.14,(15;17),move,36,0,0
10,14,1.6,(16;16),attempt_vault,53,0,0
12,2,92.24,(16;16),move,40,1,0
10,14,-0.91,(16;16),rest,51,0,0
12,3,88.39,(15;17),move,35,0,0
11,1,96.52,(16;16),forage,48,0,0
12,4,84.49,(16;16),move,40,1,0
11,2,93.04,(16;16),forage,48,0,0
12,5,80.64,(15;17),move,35,0,0
11,3,89.56,(16;16),forage,48,0,0
12,6,76.74,(16;16),move,40,1,0
11,4,86.08,(16;16),forage,48,0,0
12,7,72.89,(15;17),move,35,0,0
11,5,82.6,(16;16),forage,48,0,0
12,8,68.99,(16;16),move,40,1,0
11,6,79.12,(16;16),forage,48,0,0
12,9,65.14,(15;17),move,35,0,0
11,7,75.64,(16;16),forage,48,0,0
12,10,61.24,(16;16),move,40,1,0
11,8,72.16,(16;16),forage,48,0,0
12,11,57.39,(15;17),move,35,0,0
11,9,68.68,(16;16),forage,48,0,0
12,12,53.49,(16;16),move,40,1,0
11,10,65.2,(16;16),forage,48,0,0
12,13,49.64,(15;17),move,35,0,0
11,11,61.72,(16;16),forage,48,0,0
12,14,45.74,(16;16),move,40,1,0
11,12,58.24,(16;16),forage,48,0,0
12,15,41.89,(15;17),move,35,0,0
11,13,54.76,(16;16),forage,48,0,0
12,16,37.99,(16;16),move,40,1,0
11,14,51.28,(16;16),forage,48,0,0
12,17,34.14,(15;17),move,35,0,0
11,15,47.8,(16;16),forage,48,0,0
12,18,30.22,(16;16),move,42,1,0
11,16,44.32,(16;16),forage,48,0,0
12,19,26.37,(15;17),move,35,0,0
1,1,86.54,(16;16),attempt_vault,46,0,0
11,17,40.84,(16;16),forage,48,0,0
12,20,22.45,(16;16),move,42,1,0
1,2,83.06,(16;16),forage,48,0,0
11,18,37.36,(16;16),forage,48,0,0
12,21,18.6,(15;17),move,35,0,0
1,3,69.61,(16;16),attempt_vault,45,0,0
11,19,33.88,(16;16),forage,48,0,0
12,22,14.68,(16;16),move,42,1,0
1,4,66.13,(16;16),forage,48,0,0
11,20,30.4,(16;16),forage,48,0,0
12,23,10.83,(15;17),move,35,0,0
1,5,52.68,(16;16),attempt_vault,45,0,0
11,21,26.92,(16;16),forage,48,0,0
12,24,6.91,(16;16),move,42,1,0
1,6,49.2,(16;16),forage,48,0,0
11,22,23.44,(16;16),forage,48,0,0
12,25,3.06,(15;17),move,35,0,0
1,7,35.75,(16;16),attempt_vault,45,0,0
11,23,19.96,(16;16),forage,48,0,0
12,26,-0.28,(15;17),rest,34,1,0
1,8,32.27,(16;16),forage,48,0,0
11,24,16.48,(16;16),forage,48,0,0
13,1,86.5,(16;16),attempt_vault,50,0,0
1,9,18.82,(16;16),attempt_vault,45,0,0
11,25,13.0,(16;16),forage,48,0,0
13,2,83.02,(16;16),forage,48,0,0
1,10,15.34,(16;16),forage,48,0,0
11,26,9.52,(16;16),forage,48,0,0
13,3,79.59,(16;16),rest,43,0,0
1,11,1.89,(16;16),attempt_vault,45,0,0
11,27,6.04,(16;16),forage,48,0,0
13,4,66.09,(16;16),attempt_vault,50,0,0
1,11,-0.59,(16;16),rest,48,0,0
11,28,2.56,(16;16),forage,48,0,0
13,5,62.61,(16;16),forage,48,0,0
2,1,86.55,(16;16),attempt_vault,45,0,0
11,29,-0.92,(16;16),forage,48,0,0
13,6,59.18,(16;16),rest,43,0,0
2,2,82.6,(17;15),move,45,0,0
12,1,86.53,(16;16),attempt_vault,47,0,0
13,7,55.75,(16;16),rest,43,0,0
2,3,69.15,(17;15),attempt_vault,45,0,0
12,2,73.06,(16;16),attempt_vault,47,0,0
13,8,52.27,(16;16),forage,48,0,0
2,4,65.2,(18;15),move,45,0,0
12,3,59.59,(16;16),attempt_vault,47,0,0
13,9,48.84,(16;16),rest,43,0,0
2,5,51.75,(18;15),attempt_vault,45,0,0
12,4,46.12,(16;16),attempt_vault,47,0,0
13,10,45.41,(16;16),rest,43,0,0
2,6,47.8,(18;16),move,45,0,0
12,5,32.65,(16;16),attempt_vault,47,0,0
13,11,41.93,(16;16),forage,48,0,0
2,7,34.35,(18;16),attempt_vault,45,0,0
12,6,19.18,(16;16),attempt_vault,47,0,0
13,12,38.45,(16;16),forage,48,0,0
2,8,30.4,(19;15),move,45,0,0
12,7,5.71,(16;16),attempt_vault,47,0,0
13,13,24.91,(16;16),attempt_vault,54,0,0
2,9,16.95,(19;15),attempt_vault,45,0,0
12,8,-7.76,(16;16),attempt_vault,47,0,0
13,14,21.48,(16;16),rest,43,0,0
2,10,13.0,(19;16),move,45,0,0
13,1,96.54,(16;16),rest,46,0,0
13,15,18.0,(16;16),forage,48,0,0
2,11,-0.45,(19;16),attempt_vault,45,0,0
13,2,93.04,(16;16),rest,50,0,0
13,16,4.46,(16;16),attempt_vault,54,0,0
3,1,86.48,(16;16),attempt_vault,52,0,0
13,3,89.54,(16;16),rest,50,0,0
13,17,1.03,(16;16),rest,43,0,0
3,2,83.03,(16;16),rest,45,0,0
13,4,86.04,(16;16),rest,50,0,0
13,17,-1.45,(16;16),rest,48,0,0
3,3,79.56,(16;16),forage,47,0,0
13,5,82.54,(16;16),rest,50,0,0
14,1,96.05,(15;17),move,45,0,0
3,4,66.05,(16;16),attempt_vault,51,0,0
13,6,79.04,(16;16),rest,50,0,0
14,2,82.61,(15;17),attempt_vault,44,1,0
3,5,62.6,(16;16),rest,45,0,0
13,7,75.54,(16;16),rest,50,0,0
14,3,79.22,(15;17),rest,39,1,0
3,6,59.13,(16;16),forage,47,0,0
13,8,72.04,(16;16),rest,50,0,0
14,4,75.76,(15;17),forage,46,1,0
3,7,45.62,(16;16),attempt_vault,51,0,0
13,9,68.54,(16;16),rest,50,0,0
14,5,72.32,(15;17),rest,44,1,0
3,8,42.17,(16;16),rest,45,0,0
13,10,65.04,(16;16),rest,50,0,0
14,6,58.84,(15;17),attempt_vault,48,1,0
3,9,38.7,(16;16),forage,47,0,0
13,11,61.54,(16;16),rest,50,0,0
14,7,55.4,(15;17),rest,44,1,0
3,10,25.19,(16;16),attempt_vault,51,0,0
13,12,58.04,(16;16),rest,50,0,0
14,8,51.94,(15;17),forage,46,1,0
3,11,21.74,(16;16),rest,45,0,0
13,13,54.54,(16;16),rest,50,0,0
14,9,48.5,(15;17),rest,44,1,0
3,12,18.27,(16;16),forage,47,0,0
13,14,51.04,(16;16),rest,50,0,0
14,10,35.02,(15;17),attempt_vault,48,1,0
3,13,4.76,(16;16),attempt_vault,51,0,0
13,15,47.54,(16;16),rest,50,0,0
14,11,31.58,(15;17),rest,44,1,0
3,14,1.31,(16;16),rest,45,0,0
13,16,44.04,(16;16),rest,50,0,0
14,12,28.12,(15;17),forage,46,1,0
3,14,-1.16,(16;16),rest,47,0,0
13,17,40.54,(16;16),rest,50,0,0
14,13,24.68,(15;17),rest,44,1,0
4,1,86.49,(16;16),attempt_vault,51,0,0
13,18,37.04,(16;16),rest,50,0,0
14,14,11.2,(15;17),attempt_vault,48,1,0
4,2,82.54,(17;15),move,45,0,0
13,19,33.54,(16;16),rest,50,0,0
14,15,7.76,(15;17),rest,44,1,0
4,3,69.04,(17;15),attempt_vault,50,0,0
13,20,30.04,(16;16),rest,50,0,0
14,16,4.3,(15;17),forage,46,1,0
4,4,65.09,(18;15),move,45,0,0
13,21,26.54,(16;16),rest,50,0,0
14,17,0.86,(15;17),rest,44,1,0
4,5,51.59,(18;15),attempt_vault,50,0,0
13,22,23.04,(16;16),rest,50,0,0
14,17,-1.58,(15;17),rest,44,1,0
4,6,47.64,(19;15),move,45,0,0
13,23,19.54,(16;16),rest,50,0,0
15,1,86.49,(16;16),attempt_vault,51,0,0
4,7,34.14,(19;15),attempt_vault,50,0,0
13,24,16.04,(16;16),rest,50,0,0
15,2,83.02,(16;16),forage,47,0,0
4,8,30.19,(18;14),move,45,0,0
13,25,12.54,(16;16),rest,50,0,0
15,3,79.57,(16;16),rest,45,0,0
4,9,16.69,(18;14),attempt_vault,50,0,0
13,26,9.04,(16;16),rest,50,0,0
15,4,66.05,(16;16),attempt_vault,52,0,0
4,10,12.74,(17;14),move,45,0,0
13,27,5.54,(16;16),rest,50,0,0
15,5,62.6,(16;16),rest,45,0,0
4,11,-0.76,(17;14),attempt_vault,50,0,0
13,28,2.04,(16;16),rest,50,0,0
15,6,59.13,(16;16),forage,47,0,0
5,1,86.49,(16;16),attempt_vault,51,0,0
13,28,-0.46,(16;16),rest,50,0,0
15,7,55.68,(16;16),rest,45,0,0
5,2,83.04,(16;16),rest,45,0,0
14,1,96.4,(16;16),rest,60,0,0
15,8,42.16,(16;16),attempt_vault,52,0,0
5,3,69.54,(16;16),attempt_vault,50,0,0
14,2,82.91,(16;16),attempt_vault,49,0,0
15,9,38.7,(16;16),rest,46,0,0
5,4,66.09,(16;16),rest,45,0,0
14,3,79.45,(16;16),forage,46,0,0
15,10,35.22,(16;16),forage,48,0,0
5,5,52.59,(16;16),attempt_vault,50,0,0
14,4,76.01,(16;16),rest,44,0,0
15,11,31.76,(16;16),rest,46,0,0
5,6,49.14,(16;16),rest,45,0,0
14,5,62.52,(16;16),attempt_vault,49,0,0
15,12,28.28,(16;16),forage,48,0,0
5,7,35.64,(16;16),attempt_vault,50,0,0
14,6,59.08,(16;16),rest,44,0,0
15,13,14.76,(16;16),attempt_vault,52,0,0
5,8,32.19,(16;16),rest,45,0,0
14,7,55.62,(16;16),forage,46,0,0
15,14,11.3,(16;16),rest,46,0,0
5,9,18.69,(16;16),attempt_vault,50,0,0
14,8,42.13,(16;16),attempt_vault,49,0,0
15,15,7.82,(16;16),forage,48,0,0
5,10,15.24,(16;16),rest,45,0,0
14,9,38.69,(16;16),rest,44,0,0
15,16,-5.7,(16;16),attempt_vault,52,0,0
5,11,1.74,(16;16),attempt_vault,50,0,0
14,10,35.23,(16;16),forage,46,0,0
16,1,86.47,(16;16),attempt_vault,53,0,0
5,11,-0.71,(16;16),rest,45,0,0
14,11,21.74,(16;16),attempt_vault,49,0,0
16,2,82.99,(16;16),forage,48,0,0
6,1,96.1,(17;15),move,40,0,0
14,12,18.3,(16;16),rest,44,0,0
16,3,79.54,(16;16),rest,45,0,0
6,2,92.2,(18;14),move,40,0,0
14,13,14.84,(16;16),forage,46,0,0
16,4,66.02,(16;16),attempt_vault,52,0,0
6,3,88.3,(17;14),move,40,0,0
